1504039650627,16:47:30,ModuleUserChange,null
1504039650644,16:47:30,AnimationPauseTimeUserChange,2
1504039657168,16:47:37,GraderSettingsDisplayed
1504039657170,16:47:37,GraderSettingsStarted,Comp110f14,null,,,Automatic and then manual,Grading Status,All
1504039661872,16:47:41,ModuleUserChange,Comp110f14
1504039675010,16:47:55,DownloadPathUserChange,C:\Users\Andrew\Documents\GitHub\Grader\Test Data\Comp401F16
1504039678170,16:47:58,ProblemUserChange,Assignment7
1504039687301,16:48:07,NavigationInitiated
1504039687402,16:48:07,GraderSettingsEnded
1504039689154,16:48:09,ProjectStepperStarted
1504039875818,16:51:15,ModuleUserChange,null
1504039875840,16:51:15,AnimationPauseTimeUserChange,2
1504039875840,16:51:15,ProblemUserChange,null
1504039880590,16:51:20,GraderSettingsDisplayed
1504039880593,16:51:20,GraderSettingsStarted,Comp401f16,Assignment1,acorrect,acorrect,Automatic and then manual,Grading Status,All
1504039891581,16:51:31,NavigationInitiated
1504039891774,16:51:31,GraderSettingsEnded
1504039893349,16:51:33,ProjectStepperStarted
1504040105821,16:55:05,ModuleUserChange,null
1504040105904,16:55:05,AnimationPauseTimeUserChange,2
1504040105927,16:55:05,ProblemUserChange,null
1504040111193,16:55:11,GraderSettingsDisplayed
1504040111209,16:55:11,GraderSettingsStarted,Comp401f16,Assignment1,acorrect,ecredit,Automatic and then manual,Grading Status,All
1504040114280,16:55:14,NavigationInitiated
1504040114570,16:55:14,GraderSettingsEnded
1504040118923,16:55:18,ProjectStepperStarted
1504040135725,16:55:35,ModuleUserChange,null
1504040135749,16:55:35,AnimationPauseTimeUserChange,2
1504040135759,16:55:35,ProblemUserChange,null
1504040140579,16:55:40,GraderSettingsDisplayed
1504040140582,16:55:40,GraderSettingsStarted,Comp401f16,Assignment1,acorrect,ecredit,Automatic and then manual,Grading Status,All
1504040147379,16:55:47,NavigationInitiated
1504040147582,16:55:47,GraderSettingsEnded
1504040149693,16:55:49,ProjectStepperStarted
1504040741514,17:05:41,ModuleUserChange,null
1504040741530,17:05:41,AnimationPauseTimeUserChange,2
1504040741546,17:05:41,ProblemUserChange,null
1504040746281,17:05:46,GraderSettingsDisplayed
1504040746281,17:05:46,GraderSettingsStarted,Comp401f16,Assignment1,acorrect,ecredit,Automatic and then manual,Grading Status,All
1504040751185,17:05:51,NavigationInitiated
1504040751285,17:05:51,GraderSettingsEnded
1504040752914,17:05:52,ProjectStepperStarted
1504040926997,17:08:46,ModuleUserChange,null
1504040927031,17:08:47,AnimationPauseTimeUserChange,2
1504040927035,17:08:47,ProblemUserChange,null
1504040931610,17:08:51,GraderSettingsDisplayed
1504040931612,17:08:51,GraderSettingsStarted,Comp401f16,Assignment1,acorrect,ecredit,Automatic and then manual,Grading Status,All
1504040938468,17:08:58,NavigationInitiated
1504040938609,17:08:58,GraderSettingsEnded
1504040939750,17:08:59,ProjectStepperStarted
1504041057515,17:10:57,ModuleUserChange,null
1504041057530,17:10:57,AnimationPauseTimeUserChange,2
1504041057532,17:10:57,ProblemUserChange,null
1504041062570,17:11:02,GraderSettingsDisplayed
1504041062572,17:11:02,GraderSettingsStarted,Comp401f16,Assignment1,acorrect,ecredit,Automatic and then manual,Grading Status,All
1504041066852,17:11:06,NavigationInitiated
1504041066996,17:11:06,GraderSettingsEnded
1504041068442,17:11:08,ProjectStepperStarted
1504041281714,17:14:41,ModuleUserChange,null
1504041281730,17:14:41,AnimationPauseTimeUserChange,2
1504041281804,17:14:41,ProblemUserChange,null
1504041286651,17:14:46,GraderSettingsDisplayed
1504041286654,17:14:46,GraderSettingsStarted,Comp401f16,Assignment1,acorrect,ecredit,Automatic and then manual,Grading Status,All
1504041292574,17:14:52,NavigationInitiated
1504041292637,17:14:52,GraderSettingsEnded
1504041294036,17:14:54,ProjectStepperStarted
1504041399727,17:16:39,ModuleUserChange,null
1504041399737,17:16:39,AnimationPauseTimeUserChange,2
1504041399743,17:16:39,ProblemUserChange,null
1504041400250,17:16:40,ModuleUserChange,null
1504041400267,17:16:40,AnimationPauseTimeUserChange,2
1504041400281,17:16:40,ProblemUserChange,null
1504041404147,17:16:44,GraderSettingsDisplayed
1504041404149,17:16:44,GraderSettingsStarted,Comp401f16,Assignment1,acorrect,ecredit,Automatic and then manual,Grading Status,All
1504041405338,17:16:45,GraderSettingsDisplayed
1504041405340,17:16:45,GraderSettingsStarted,Comp401f16,Assignment1,acorrect,ecredit,Automatic and then manual,Grading Status,All
1504041411247,17:16:51,NavigationInitiated
1504041411294,17:16:51,GraderSettingsEnded
1504041412600,17:16:52,ProjectStepperStarted
1504041433776,17:17:13,NavigationInitiated
1504041433854,17:17:13,GraderSettingsEnded
1504041435470,17:17:15,ProjectStepperStarted
1504041447790,17:17:27,ModuleUserChange,null
1504041447806,17:17:27,AnimationPauseTimeUserChange,2
1504041447813,17:17:27,ProblemUserChange,null
1504041453348,17:17:33,GraderSettingsDisplayed
1504041453350,17:17:33,GraderSettingsStarted,Comp401f16,Assignment1,acorrect,ecredit,Automatic and then manual,Grading Status,All
1504041458044,17:17:38,NavigationInitiated
1504041458095,17:17:38,GraderSettingsEnded
1504041459186,17:17:39,ProjectStepperStarted
1504041507937,17:18:27,ModuleUserChange,null
1504041507953,17:18:27,AnimationPauseTimeUserChange,2
1504041507960,17:18:27,ProblemUserChange,null
1504041513427,17:18:33,GraderSettingsDisplayed
1504041513430,17:18:33,GraderSettingsStarted,Comp401f16,Assignment1,acorrect,ecredit,Automatic and then manual,Grading Status,All
1504041535239,17:18:55,NavigationParameterChange,All
1504041535259,17:18:55,GradingStatusUserChange,All
1504041535279,17:18:55,DownloadPathUserChange,C:\Users\Andrew\Documents\GitHub\Comp401AllChecks\Test Data\Comp401F17\Assignment1
1504041551202,17:19:11,NavigationParameterChange,All
1504041551203,17:19:11,GradingStatusUserChange,All
1504041551207,17:19:11,DownloadPathUserChange,C:\Users\Andrew\Documents\GitHub\Comp401AllChecks\Test Data\Comp401F16\Assignment1
1504041613372,17:20:13,ModuleUserChange,null
1504041613385,17:20:13,AnimationPauseTimeUserChange,2
1504041613391,17:20:13,ProblemUserChange,null
1504041618127,17:20:18,GraderSettingsDisplayed
1504041618131,17:20:18,GraderSettingsStarted,Comp401f16,Assignment1,tstudent,tstudent4,Automatic and then manual,Grading Status,All
1504041705785,17:21:45,ModuleUserChange,null
1504041705799,17:21:45,AnimationPauseTimeUserChange,2
1504041705805,17:21:45,ProblemUserChange,null
1504041710437,17:21:50,GraderSettingsDisplayed
1504041710439,17:21:50,GraderSettingsStarted,Comp401f16,Assignment1,tstudent,tstudent4,Automatic and then manual,Grading Status,All
1504041712999,17:21:52,NavigationInitiated
1504041713065,17:21:53,GraderSettingsEnded
1504041725356,17:22:05,ModuleUserChange,null
1504041725373,17:22:05,AnimationPauseTimeUserChange,2
1504041725379,17:22:05,ProblemUserChange,null
1504041729966,17:22:09,GraderSettingsDisplayed
1504041729968,17:22:09,GraderSettingsStarted,Comp401f16,Assignment1,tstudent,tstudent4,Automatic and then manual,Grading Status,All
1504041748199,17:22:28,NavigationInitiated
1504041748358,17:22:28,GraderSettingsEnded
1504041750283,17:22:30,ProjectStepperStarted
1504041950357,17:25:50,ModuleUserChange,null
1504041950375,17:25:50,AnimationPauseTimeUserChange,2
1504041950381,17:25:50,ProblemUserChange,null
1504041955220,17:25:55,GraderSettingsDisplayed
1504041955223,17:25:55,GraderSettingsStarted,Comp401f16,Assignment1,tstudent,tstudent4,Automatic and then manual,Grading Status,All
1504041962205,17:26:02,NavigationInitiated
1504041962296,17:26:02,GraderSettingsEnded
1504041964088,17:26:04,ProjectStepperStarted
1504042174440,17:29:34,ModuleUserChange,null
1504042174454,17:29:34,AnimationPauseTimeUserChange,2
1504042174460,17:29:34,ProblemUserChange,null
1504042179053,17:29:39,GraderSettingsDisplayed
1504042179056,17:29:39,GraderSettingsStarted,Comp401f16,Assignment1,tstudent,tstudent4,Automatic and then manual,Grading Status,All
1504042217444,17:30:17,NavigationInitiated
1504042217507,17:30:17,GraderSettingsEnded
1504042219244,17:30:19,ProjectStepperStarted
1504042597392,17:36:37,ModuleUserChange,null
1504042597407,17:36:37,AnimationPauseTimeUserChange,2
1504042597407,17:36:37,ProblemUserChange,null
1504042601972,17:36:41,GraderSettingsDisplayed
1504042601974,17:36:41,GraderSettingsStarted,Comp401f16,Assignment1,tstudent,tstudent4,Automatic and then manual,Grading Status,All
1504042609840,17:36:49,NavigationInitiated
1504042609961,17:36:49,GraderSettingsEnded
1504042611676,17:36:51,ProjectStepperStarted
1504042933684,17:42:13,ModuleUserChange,null
1504042933700,17:42:13,AnimationPauseTimeUserChange,2
1504042933700,17:42:13,ProblemUserChange,null
1504042996421,17:43:16,ModuleUserChange,null
1504042996437,17:43:16,AnimationPauseTimeUserChange,2
1504042996443,17:43:16,ProblemUserChange,null
1504043001178,17:43:21,GraderSettingsDisplayed
1504043001182,17:43:21,GraderSettingsStarted,Comp401f16,Assignment1,tstudent,tstudent4,Automatic and then manual,Grading Status,All
1504043011197,17:43:31,NavigationInitiated
1504043011318,17:43:31,GraderSettingsEnded
1504043012793,17:43:32,ProjectStepperStarted
1504043286358,17:48:06,ModuleUserChange,null
1504043286376,17:48:06,AnimationPauseTimeUserChange,2
1504043286382,17:48:06,ProblemUserChange,null
1504043291151,17:48:11,GraderSettingsDisplayed
1504043291154,17:48:11,GraderSettingsStarted,Comp401f16,Assignment1,tstudent4,tstudent4,Automatic and then manual,Grading Status,All
1504043321867,17:48:41,NavigationInitiated
1504043322029,17:48:42,GraderSettingsEnded
1504043323629,17:48:43,ProjectStepperStarted
1504108949122,12:02:29,ModuleUserChange,null
1504108949173,12:02:29,AnimationPauseTimeUserChange,2
1504108949175,12:02:29,ProblemUserChange,null
1504108953109,12:02:33,GraderSettingsDisplayed
1504108953129,12:02:33,GraderSettingsStarted,Comp401f16,Assignment1,tstudent4,tstudent4,Automatic and then manual,Grading Status,All
1504108962947,12:02:42,NavigationInitiated
1504108963147,12:02:43,GraderSettingsEnded
1504108967245,12:02:47,ProjectStepperStarted
1504109057738,12:04:17,ModuleUserChange,null
1504109057756,12:04:17,AnimationPauseTimeUserChange,2
1504109057756,12:04:17,ProblemUserChange,null
1504109062076,12:04:22,GraderSettingsDisplayed
1504109062078,12:04:22,GraderSettingsStarted,Comp401f16,Assignment1,tstudent4,tstudent4,Automatic and then manual,Grading Status,All
1504109068115,12:04:28,NavigationInitiated
1504109068247,12:04:28,GraderSettingsEnded
1504109069840,12:04:29,ProjectStepperStarted
1504114132490,13:28:52,ModuleUserChange,null
1504114132532,13:28:52,AnimationPauseTimeUserChange,2
1504114132603,13:28:52,ProblemUserChange,null
1504114135080,13:28:55,GraderSettingsDisplayed
1504114135080,13:28:55,GraderSettingsStarted,Comp401f16,Assignment1,tstudent4,tstudent4,Automatic and then manual,Grading Status,All
1504114153849,13:29:13,NavigationInitiated
1504114154068,13:29:14,GraderSettingsEnded
1504114157939,13:29:17,ProjectStepperStarted
1504114375187,13:32:55,ModuleUserChange,null
1504114375194,13:32:55,AnimationPauseTimeUserChange,2
1504114375196,13:32:55,ProblemUserChange,null
1504114378219,13:32:58,GraderSettingsDisplayed
1504114378220,13:32:58,GraderSettingsStarted,Comp401f16,Assignment1,tstudent4,tstudent4,Automatic and then manual,Grading Status,All
1504114383494,13:33:03,NavigationInitiated
1504114383676,13:33:03,GraderSettingsEnded
1504114385326,13:33:05,ProjectStepperStarted
1504118410724,14:40:10,ModuleUserChange,null
1504118410745,14:40:10,AnimationPauseTimeUserChange,2
1504118410753,14:40:10,ProblemUserChange,null
1504118415541,14:40:15,GraderSettingsDisplayed
1504118415545,14:40:15,GraderSettingsStarted,Comp401f16,Assignment1,tstudent4,tstudent4,Automatic and then manual,Grading Status,All
1504118542156,14:42:22,NavigationInitiated
1504118542225,14:42:22,GraderSettingsEnded
1504118543667,14:42:23,ProjectStepperStarted
1504118606290,14:43:26,ModuleUserChange,null
1504118606321,14:43:26,AnimationPauseTimeUserChange,2
1504118606321,14:43:26,ProblemUserChange,null
1504118611185,14:43:31,GraderSettingsDisplayed
1504118611185,14:43:31,GraderSettingsStarted,Comp401f16,Assignment1,tstudent4,tstudent4,Automatic and then manual,Grading Status,All
1504118849698,14:47:29,NavigationInitiated
1504118849878,14:47:29,GraderSettingsEnded
1504118851326,14:47:31,ProjectStepperStarted
1504122970927,15:56:10,ModuleUserChange,null
1504122970943,15:56:10,AnimationPauseTimeUserChange,2
1504122970943,15:56:10,ProblemUserChange,null
1504122975667,15:56:15,GraderSettingsDisplayed
1504122975671,15:56:15,GraderSettingsStarted,Comp110f14,Assignment1,tstudent4,tstudent4,Automatic and then manual,Grading Status,All
1504123063504,15:57:43,ModuleUserChange,null
1504123063526,15:57:43,AnimationPauseTimeUserChange,2
1504123063544,15:57:43,ProblemUserChange,null
1504123068364,15:57:48,GraderSettingsDisplayed
1504123068368,15:57:48,GraderSettingsStarted,Comp110f14,Assignment1,tstudent4,tstudent4,Automatic and then manual,Grading Status,All
1504123184563,15:59:44,ModuleUserChange,null
1504123184563,15:59:44,AnimationPauseTimeUserChange,2
1504123184563,15:59:44,ProblemUserChange,null
1504123187597,15:59:47,GraderSettingsDisplayed
1504123187600,15:59:47,GraderSettingsStarted,Comp110f14,Assignment1,tstudent4,tstudent4,Automatic and then manual,Grading Status,All
1504123350029,16:02:30,ModuleUserChange,null
1504123350044,16:02:30,AnimationPauseTimeUserChange,2
1504123595002,16:06:35,GraderSettingsDisplayed
1504123595006,16:06:35,GraderSettingsStarted,Comp110f14,null,,,Automatic and then manual,Grading Status,All
1504123615010,16:06:55,ModuleUserChange,Comp110f14
1504123632430,16:07:12,DownloadPathUserChange,C:\Users\Andrew\Documents\GitHub\Comp401AllChecks\Test Data\Comp401F16
1504123651115,16:07:31,DownloadPathUserChange,C:\Users\Andrew\Documents\GitHub\Grader\Test Data\Comp401F15
1504123662988,16:07:42,DownloadPathUserChange,C:\Users\Andrew\Documents\GitHub\Comp401AllChecks\Test Data\Comp401F16
1504123989720,16:13:09,AnimateGradesUserChange,true
1504123990411,16:13:10,AnimateGradesUserChange,false
1504124152853,16:15:52,AnimateGradesUserChange,true
1504124156433,16:15:56,ProblemUserChange,Assignment9
1504124168549,16:16:08,NavigationInitiated
1504124168705,16:16:08,GraderSettingsEnded
1504124170899,16:16:10,ProjectStepperStarted
1504124324306,16:18:44,ModuleUserChange,null
1504124324322,16:18:44,AnimateGradesUserChange,true
1504124324322,16:18:44,AnimationPauseTimeUserChange,2
1504124324345,16:18:44,ProblemUserChange,null
1504124329956,16:18:49,GraderSettingsDisplayed
1504124329960,16:18:49,GraderSettingsStarted,Comp401f16,Assignment1,tstudent,tstudent4,Automatic and then manual,Grading Status,All
1504124344183,16:19:04,NavigationKindChange,Automatic
1504124346269,16:19:06,NavigationInitiated
1504124346430,16:19:06,GraderSettingsEnded
1504124348076,16:19:08,ProjectStepperStarted
1504124591013,16:23:11,ModuleUserChange,null
1504124591044,16:23:11,AnimateGradesUserChange,true
1504124591044,16:23:11,AnimationPauseTimeUserChange,2
1504124591059,16:23:11,ProblemUserChange,null
1504124596005,16:23:16,GraderSettingsDisplayed
1504124596008,16:23:16,GraderSettingsStarted,Comp401f16,Assignment1,tstudent,tstudent4,Automatic,Grading Status,All
1504124601136,16:23:21,NavigationFilterUserChange,grader.navigation.filter.ANotesStatusFilter@317878d6
1504124603757,16:23:23,NavigationFilterUserChange,grader.navigation.filter.ALetterGradeBasedFilter@14504041
1504124606038,16:23:26,NavigationFilterUserChange,grader.navigation.filter.AGradingStatusFilter@71307620
1504124673563,16:24:33,NavigationFilterUserChange,grader.navigation.filter.ANotesStatusFilter@317878d6
1504124699356,16:24:59,NavigationFilterUserChange,grader.navigation.filter.ALetterGradeBasedFilter@14504041
1506628914908,16:01:54,ModuleUserChange,null
1506628914992,16:01:54,AnimateGradesUserChange,true
1506628915013,16:01:55,AnimationPauseTimeUserChange,2
1506628915057,16:01:55,ProblemUserChange,null
1506628920426,16:02:00,GraderSettingsDisplayed
1506628920478,16:02:00,GraderSettingsStarted,Comp401f16,Assignment1,tstudent,tstudent4,Automatic,Grading Status,All
1506628926852,16:02:06,ModuleUserChange,Comp401f16
1506628926882,16:02:06,NavigationParameterChange,All
1506628926903,16:02:06,GradingStatusUserChange,All
1506628947906,16:02:27,NavigationParameterChange,All
1506628947907,16:02:27,GradingStatusUserChange,All
1506628947940,16:02:27,DownloadPathUserChange,C:\Users\Andrew\Documents\GitHub\Comp401AllChecks\Test Data\Comp401F17\Assignment5
1506628974398,16:02:54,NavigationKindChange,Automatic and then manual
1506628976596,16:02:56,NavigationInitiated
1506628976665,16:02:56,GraderSettingsEnded
1506628979211,16:02:59,StartOnyenUserChange,null
1506628979288,16:02:59,EndOnyenUserChange,tstudent0
1506628984977,16:03:04,ProjectStepperStarted
1506669436930,03:17:16,ModuleUserChange,null
1506669436940,03:17:16,AnimateGradesUserChange,true
1506669436941,03:17:16,AnimationPauseTimeUserChange,2
1506669436946,03:17:16,ProblemUserChange,null
1506669439856,03:17:19,GraderSettingsDisplayed
1506669439858,03:17:19,GraderSettingsStarted,Comp401f17,Assignment5,.*,$,Automatic and then manual,Grading Status,All
1506669474314,03:17:54,ModuleUserChange,null
1506669474331,03:17:54,AnimateGradesUserChange,true
1506669474333,03:17:54,AnimationPauseTimeUserChange,2
1506669474381,03:17:54,ProblemUserChange,null
1506669479813,03:17:59,GraderSettingsDisplayed
1506669479817,03:17:59,GraderSettingsStarted,Comp401f17,Assignment5,.*,$,Automatic and then manual,Grading Status,All
1506670297392,03:31:37,ModuleUserChange,null
1506670297450,03:31:37,AnimateGradesUserChange,true
1506670297475,03:31:37,AnimationPauseTimeUserChange,2
1506670297482,03:31:37,ProblemUserChange,null
1506670301847,03:31:41,GraderSettingsDisplayed
1506670301850,03:31:41,GraderSettingsStarted,Comp401f17,Assignment5,.*,$,Automatic and then manual,Grading Status,All
1506670309133,03:31:49,NavigationInitiated
1506670309378,03:31:49,GraderSettingsEnded
1506670310973,03:31:50,StartOnyenUserChange,null
1506670311007,03:31:51,EndOnyenUserChange,tstudent0
1506670312242,03:31:52,ProjectStepperStarted
1506670862761,03:41:02,ModuleUserChange,null
1506670862769,03:41:02,AnimateGradesUserChange,true
1506670862771,03:41:02,AnimationPauseTimeUserChange,2
1506670862776,03:41:02,ProblemUserChange,null
1506670865815,03:41:05,GraderSettingsDisplayed
1506670865817,03:41:05,GraderSettingsStarted,Comp401f17,Assignment5,.*,$,Automatic and then manual,Grading Status,All
1506670877696,03:41:17,ProblemUserChange,Assignment5
1506670885676,03:41:25,NavigationInitiated
1506670885927,03:41:25,GraderSettingsEnded
1506670887502,03:41:27,StartOnyenUserChange,previous
1506670887558,03:41:27,EndOnyenUserChange,tstudent0
1506670889016,03:41:29,ProjectStepperStarted
1506671450216,03:50:50,ModuleUserChange,null
1506671450228,03:50:50,AnimateGradesUserChange,true
1506671450230,03:50:50,AnimationPauseTimeUserChange,2
1506671450239,03:50:50,ProblemUserChange,null
1506671453102,03:50:53,GraderSettingsDisplayed
1506671453103,03:50:53,GraderSettingsStarted,Comp401f17,Assignment12,.*,$,Automatic and then manual,Grading Status,All
1506671466352,03:51:06,NavigationInitiated
1506671466455,03:51:06,GraderSettingsEnded
1506671495708,03:51:35,ProjectStepperStarted
1506671971875,03:59:31,ModuleUserChange,null
1506671971892,03:59:31,AnimateGradesUserChange,true
1506671971897,03:59:31,AnimationPauseTimeUserChange,2
1506671971923,03:59:31,ProblemUserChange,null
1506671976268,03:59:36,GraderSettingsDisplayed
1506671976271,03:59:36,GraderSettingsStarted,Comp401f17,Assignment12,previous,tstudent0,Automatic and then manual,Grading Status,All
1506671996725,03:59:56,NavigationInitiated
1506671996893,03:59:56,GraderSettingsEnded
1506672011463,04:00:11,ProjectStepperStarted
1506672314508,04:05:14,ModuleUserChange,null
1506672314542,04:05:14,AnimateGradesUserChange,true
1506672314545,04:05:14,AnimationPauseTimeUserChange,2
1506672314557,04:05:14,ProblemUserChange,null
1506672319839,04:05:19,GraderSettingsDisplayed
1506672319842,04:05:19,GraderSettingsStarted,Comp401f17,Assignment12,tstudent0,tstudent0,Automatic and then manual,Grading Status,All
1506672336271,04:05:36,NavigationInitiated
1506672336437,04:05:36,GraderSettingsEnded
1506672348038,04:05:48,ProjectStepperStarted
1506672486105,04:08:06,ModuleUserChange,null
1506672486129,04:08:06,AnimateGradesUserChange,true
1506672486135,04:08:06,AnimationPauseTimeUserChange,2
1506672486160,04:08:06,ProblemUserChange,null
1506672488671,04:08:08,GraderSettingsDisplayed
1506672488673,04:08:08,GraderSettingsStarted,Comp401f17,Assignment12,tstudent0,tstudent0,Automatic and then manual,Grading Status,All
1506672599729,04:09:59,NavigationInitiated
1506672599871,04:09:59,GraderSettingsEnded
1506672600796,04:10:00,ProjectStepperStarted
1506672692789,04:11:32,ModuleUserChange,null
1506672692799,04:11:32,AnimateGradesUserChange,true
1506672692855,04:11:32,AnimationPauseTimeUserChange,2
1506672692864,04:11:32,ProblemUserChange,null
1506672696403,04:11:36,GraderSettingsDisplayed
1506672696405,04:11:36,GraderSettingsStarted,Comp401f17,Assignment12,tstudent1,tstudent1,Automatic and then manual,Grading Status,All
1506672789068,04:13:09,ModuleUserChange,null
1506672789084,04:13:09,AnimateGradesUserChange,true
1506672789087,04:13:09,AnimationPauseTimeUserChange,2
1506672789090,04:13:09,ProblemUserChange,null
1506672792095,04:13:12,GraderSettingsDisplayed
1506672792096,04:13:12,GraderSettingsStarted,Comp401f17,Assignment12,tstudent0,tstudent0,Automatic and then manual,Grading Status,All
1506672814379,04:13:34,NavigationInitiated
1506672814520,04:13:34,GraderSettingsEnded
1506672829358,04:13:49,ProjectStepperStarted
1507235278728,16:27:58,ModuleUserChange,null
1507235278746,16:27:58,AnimateGradesUserChange,true
1507235278749,16:27:58,AnimationPauseTimeUserChange,2
1507235278758,16:27:58,ProblemUserChange,null
1507235283668,16:28:03,GraderSettingsDisplayed
1507235283671,16:28:03,GraderSettingsStarted,Comp401f17,Assignment12,tstudent0,tstudent1,Automatic and then manual,Grading Status,All
1507235310190,16:28:30,NavigationInitiated
1507235310404,16:28:30,GraderSettingsEnded
1507235320696,16:28:40,ProjectStepperStarted
1507238556970,17:22:36,ModuleUserChange,null
1507238556991,17:22:36,AnimateGradesUserChange,true
1507238556997,17:22:36,AnimationPauseTimeUserChange,2
1507238557007,17:22:37,ProblemUserChange,null
1507238565376,17:22:45,GraderSettingsDisplayed
1507238565422,17:22:45,GraderSettingsStarted,Comp401f17,Assignment12,tstudent0,tstudent0,Automatic and then manual,Grading Status,All
1507317633587,15:20:33,ModuleUserChange,null
1507317633604,15:20:33,AnimateGradesUserChange,true
1507317633608,15:20:33,AnimationPauseTimeUserChange,2
1507317633616,15:20:33,ProblemUserChange,null
1507317638524,15:20:38,GraderSettingsDisplayed
1507317638528,15:20:38,GraderSettingsStarted,Comp401f17,Assignment12,tstudent0,tstudent0,Automatic and then manual,Grading Status,All
1507317642058,15:20:42,ProblemUserChange,Assignment12
1507317650545,15:20:50,NavigationInitiated
1507317650793,15:20:50,GraderSettingsEnded
1507317653328,15:20:53,ProjectStepperStarted
1507851240839,19:34:00,ModuleUserChange,null
1507851240853,19:34:00,AnimateGradesUserChange,true
1507851240856,19:34:00,AnimationPauseTimeUserChange,2
1507851240861,19:34:00,ProblemUserChange,null
1507851243265,19:34:03,GraderSettingsDisplayed
1507851243267,19:34:03,GraderSettingsStarted,Comp401f17,Assignment6,tstudent0,tstudent0,Automatic and then manual,Grading Status,All
1507851258721,19:34:18,NavigationInitiated
1507851258878,19:34:18,GraderSettingsEnded
1507851262720,19:34:22,ProjectStepperStarted
1509571153091,17:19:13,ModuleUserChange,null
1509571153101,17:19:13,AnimateGradesUserChange,true
1509571153103,17:19:13,AnimationPauseTimeUserChange,2
1509571153108,17:19:13,ProblemUserChange,null
1509571155444,17:19:15,GraderSettingsDisplayed
1509571155444,17:19:15,GraderSettingsStarted,Comp401f17,Assignment6,tstudent0,tstudent0,Automatic and then manual,Grading Status,All
1509571198259,17:19:58,ProblemUserChange,Assignment6
1509571212487,17:20:12,NavigationInitiated
1509571212519,17:20:12,GraderSettingsEnded
1509571213535,17:20:13,ProjectStepperStarted
1509571284325,17:21:24,ModuleUserChange,null
1509571284330,17:21:24,AnimateGradesUserChange,true
1509571284331,17:21:24,AnimationPauseTimeUserChange,2
1509571284333,17:21:24,ProblemUserChange,null
1509571286496,17:21:26,GraderSettingsDisplayed
1509571286497,17:21:26,GraderSettingsStarted,Comp401f17,Assignment9,tstudent1,tstudent1,Automatic and then manual,Grading Status,All
1509571289936,17:21:29,NavigationInitiated
1509571289982,17:21:29,GraderSettingsEnded
1509571292695,17:21:32,ProjectStepperStarted
1509571330709,17:22:10,ModuleUserChange,null
1509571330709,17:22:10,AnimateGradesUserChange,true
1509571330709,17:22:10,AnimationPauseTimeUserChange,2
1509571330709,17:22:10,ProblemUserChange,null
1509571332645,17:22:12,GraderSettingsDisplayed
1509571332646,17:22:12,GraderSettingsStarted,Comp401f17,Assignment9,tstudent1,tstudent1,Automatic and then manual,Grading Status,All
1509571334202,17:22:14,NavigationInitiated
1509571334249,17:22:14,GraderSettingsEnded
1509571335234,17:22:15,ProjectStepperStarted
1509571362803,17:22:42,ModuleUserChange,null
1509571362812,17:22:42,AnimateGradesUserChange,true
1509571362814,17:22:42,AnimationPauseTimeUserChange,2
1509571362817,17:22:42,ProblemUserChange,null
1509571365294,17:22:45,GraderSettingsDisplayed
1509571365296,17:22:45,GraderSettingsStarted,Comp401f17,Assignment9,tstudent1,tstudent1,Automatic,Grading Status,All
1509571368042,17:22:48,NavigationInitiated
1509571368092,17:22:48,GraderSettingsEnded
1509571369468,17:22:49,ProjectStepperStarted
1509571382900,17:23:02,ModuleUserChange,null
1509571382900,17:23:02,AnimateGradesUserChange,true
1509571382900,17:23:02,AnimationPauseTimeUserChange,2
1509571382900,17:23:02,ProblemUserChange,null
1509571384843,17:23:04,GraderSettingsDisplayed
1509571384845,17:23:04,GraderSettingsStarted,Comp401f17,Assignment9,tstudent1,tstudent1,Automatic,Grading Status,All
1509571389711,17:23:09,NavigationInitiated
1509571389792,17:23:09,GraderSettingsEnded
1509571392952,17:23:12,ProjectStepperStarted
1509571492578,17:24:52,ModuleUserChange,null
1509571492586,17:24:52,AnimateGradesUserChange,true
1509571492588,17:24:52,AnimationPauseTimeUserChange,2
1509571492591,17:24:52,ProblemUserChange,null
1509571494650,17:24:54,GraderSettingsDisplayed
1509571494652,17:24:54,GraderSettingsStarted,Comp401f17,Assignment9,tstudent1,tstudent1,Automatic,Grading Status,All
1509571498827,17:24:58,NavigationKindChange,Automatic and then manual
1509571500129,17:25:00,NavigationInitiated
1509571500166,17:25:00,GraderSettingsEnded
1509571500651,17:25:00,ProjectStepperStarted
1509571519198,17:25:19,ModuleUserChange,null
1509571519198,17:25:19,AnimateGradesUserChange,true
1509571519214,17:25:19,AnimationPauseTimeUserChange,2
1509571519214,17:25:19,ProblemUserChange,null
1509571521174,17:25:21,GraderSettingsDisplayed
1509571521176,17:25:21,GraderSettingsStarted,Comp401f17,Assignment9,tstudent1,tstudent1,Automatic and then manual,Grading Status,All
1509571532867,17:25:32,NavigationInitiated
1509571532936,17:25:32,GraderSettingsEnded
1509571533390,17:25:33,ProjectStepperStarted
1509571674220,17:27:54,ModuleUserChange,null
1509571674220,17:27:54,AnimateGradesUserChange,true
1509571674236,17:27:54,AnimationPauseTimeUserChange,2
1509571674236,17:27:54,ProblemUserChange,null
1509571676255,17:27:56,GraderSettingsDisplayed
1509571676256,17:27:56,GraderSettingsStarted,Comp401f17,Assignment9,tstudent1,tstudent1,Automatic and then manual,Grading Status,All
1509571685317,17:28:05,NavigationInitiated
1509571685417,17:28:05,GraderSettingsEnded
1509571688468,17:28:08,ProjectStepperStarted
1510089009470,16:10:09,ModuleUserChange,null
1510089009482,16:10:09,AnimateGradesUserChange,true
1510089009484,16:10:09,AnimationPauseTimeUserChange,2
1510089009490,16:10:09,ProblemUserChange,null
1510089014168,16:10:14,GraderSettingsDisplayed
1510089014192,16:10:14,GraderSettingsStarted,Comp401f17,Assignment9,tstudent1,tstudent1,Automatic and then manual,Grading Status,All
1510089039101,16:10:39,NavigationInitiated
1510089039156,16:10:39,GraderSettingsEnded
1510089041710,16:10:41,ProjectStepperStarted
1510089189256,16:13:09,ModuleUserChange,null
1510089189262,16:13:09,AnimateGradesUserChange,true
1510089189264,16:13:09,AnimationPauseTimeUserChange,2
1510089189268,16:13:09,ProblemUserChange,null
1510089190927,16:13:10,GraderSettingsDisplayed
1510089190929,16:13:10,GraderSettingsStarted,Comp401f17,Assignment9,tstudent1,tstudent1,Automatic and then manual,Grading Status,All
1510089196668,16:13:16,NavigationInitiated
1510089196717,16:13:16,GraderSettingsEnded
1510089198124,16:13:18,ProjectStepperStarted
1510089278608,16:14:38,ModuleUserChange,null
1510089278616,16:14:38,AnimateGradesUserChange,true
1510089278617,16:14:38,AnimationPauseTimeUserChange,2
1510089278621,16:14:38,ProblemUserChange,null
1510089280257,16:14:40,GraderSettingsDisplayed
1510089280258,16:14:40,GraderSettingsStarted,Comp401f17,Assignment9,tstudent1,tstudent1,Automatic and then manual,Grading Status,All
1510089286651,16:14:46,NavigationInitiated
1510089286689,16:14:46,GraderSettingsEnded
1510089287987,16:14:47,ProjectStepperStarted
1510089338776,16:15:38,ModuleUserChange,null
1510089338784,16:15:38,AnimateGradesUserChange,true
1510089338786,16:15:38,AnimationPauseTimeUserChange,2
1510089338789,16:15:38,ProblemUserChange,null
1510089340660,16:15:40,GraderSettingsDisplayed
1510089340661,16:15:40,GraderSettingsStarted,Comp401f17,Assignment9,tstudent1,tstudent1,Automatic and then manual,Grading Status,All
1510089346818,16:15:46,NavigationInitiated
1510089346860,16:15:46,GraderSettingsEnded
1510089348112,16:15:48,ProjectStepperStarted
1510089373032,16:16:13,ModuleUserChange,null
1510089373039,16:16:13,AnimateGradesUserChange,true
1510089373040,16:16:13,AnimationPauseTimeUserChange,2
1510089373043,16:16:13,ProblemUserChange,null
1510089374727,16:16:14,GraderSettingsDisplayed
1510089374732,16:16:14,GraderSettingsStarted,Comp401f17,Assignment9,tstudent1,tstudent1,Automatic and then manual,Grading Status,All
1510089383697,16:16:23,NavigationInitiated
1510089383738,16:16:23,GraderSettingsEnded
1510089384983,16:16:24,ProjectStepperStarted
1510089440418,16:17:20,ModuleUserChange,null
1510089440425,16:17:20,AnimateGradesUserChange,true
1510089440426,16:17:20,AnimationPauseTimeUserChange,2
1510089440431,16:17:20,ProblemUserChange,null
1510089442163,16:17:22,GraderSettingsDisplayed
1510089442165,16:17:22,GraderSettingsStarted,Comp401f17,Assignment9,tstudent1,tstudent1,Automatic and then manual,Grading Status,All
1510089447350,16:17:27,NavigationInitiated
1510089447394,16:17:27,GraderSettingsEnded
1510089448651,16:17:28,ProjectStepperStarted
1510089591372,16:19:51,ModuleUserChange,null
1510089591381,16:19:51,AnimateGradesUserChange,true
1510089591382,16:19:51,AnimationPauseTimeUserChange,2
1510089591387,16:19:51,ProblemUserChange,null
1510089593109,16:19:53,GraderSettingsDisplayed
1510089593111,16:19:53,GraderSettingsStarted,Comp401f17,Assignment9,tstudent1,tstudent1,Automatic and then manual,Grading Status,All
1510089738930,16:22:18,NavigationInitiated
1510089738972,16:22:18,GraderSettingsEnded
1510089740237,16:22:20,ProjectStepperStarted
1510091088095,16:44:48,ModuleUserChange,null
1510091088105,16:44:48,AnimateGradesUserChange,true
1510091088108,16:44:48,AnimationPauseTimeUserChange,2
1510091088115,16:44:48,ProblemUserChange,null
1510091089956,16:44:49,GraderSettingsDisplayed
1510091089957,16:44:49,GraderSettingsStarted,Comp401f17,Assignment9,tstudent1,tstudent1,Automatic and then manual,Grading Status,All
1510091097469,16:44:57,NavigationInitiated
1510091097535,16:44:57,GraderSettingsEnded
1510091100014,16:45:00,ProjectStepperStarted
1510868072463,16:34:32,ModuleUserChange,null
1510868072463,16:34:32,AnimateGradesUserChange,true
1510868072463,16:34:32,AnimationPauseTimeUserChange,2
1510868072479,16:34:32,ProblemUserChange,null
1510868075225,16:34:35,GraderSettingsDisplayed
1510868075227,16:34:35,GraderSettingsStarted,Comp401f17,Assignment9,tstudent1,tstudent1,Automatic and then manual,Grading Status,All
1510868134068,16:35:34,ProblemUserChange,Assignment9
1510868140614,16:35:40,NavigationInitiated
1510868140711,16:35:40,GraderSettingsEnded
1510868141904,16:35:41,ProjectStepperStarted
1510868182933,16:36:22,ModuleUserChange,null
1510868182949,16:36:22,AnimateGradesUserChange,true
1510868182949,16:36:22,AnimationPauseTimeUserChange,2
1510868182949,16:36:22,ProblemUserChange,null
1510868185429,16:36:25,GraderSettingsDisplayed
1510868185432,16:36:25,GraderSettingsStarted,Comp401f17,Assignment7,tstudent1,tstudent1,Automatic and then manual,Grading Status,All
1510868192542,16:36:32,NavigationInitiated
1510868192613,16:36:32,GraderSettingsEnded
1510868196122,16:36:36,ProjectStepperStarted
1510868711259,16:45:11,ModuleUserChange,null
1510868711274,16:45:11,AnimateGradesUserChange,true
1510868711274,16:45:11,AnimationPauseTimeUserChange,2
1510868711274,16:45:11,ProblemUserChange,null
1510868713454,16:45:13,GraderSettingsDisplayed
1510868713456,16:45:13,GraderSettingsStarted,Comp401f17,Assignment7,tstudent1,tstudent1,Automatic and then manual,Grading Status,All
1510868727070,16:45:27,NavigationInitiated
1510868727169,16:45:27,GraderSettingsEnded
1510868730367,16:45:30,ProjectStepperStarted
1512162308635,16:05:08,ModuleUserChange,null
1512162308641,16:05:08,AnimateGradesUserChange,true
1512162308641,16:05:08,AnimationPauseTimeUserChange,2
1512162308641,16:05:08,ProblemUserChange,null
1512162310965,16:05:10,GraderSettingsDisplayed
1512162310976,16:05:10,GraderSettingsStarted,Comp401f17,Assignment7,tstudent1,tstudent1,Automatic and then manual,Grading Status,All
1512512168081,17:16:08,ModuleUserChange,null
1512512168089,17:16:08,AnimateGradesUserChange,true
1512512168091,17:16:08,AnimationPauseTimeUserChange,2
1512512168095,17:16:08,ProblemUserChange,null
1512512170170,17:16:10,GraderSettingsDisplayed
1512512170178,17:16:10,GraderSettingsStarted,Comp401f17,Assignment7,tstudent1,tstudent1,Automatic and then manual,Grading Status,All
1512512252371,17:17:32,ProblemUserChange,Assignment7
1512512254434,17:17:34,NavigationInitiated
1512512254497,17:17:34,GraderSettingsEnded
1512512257737,17:17:37,ProjectStepperStarted
1512512292001,17:18:12,ModuleUserChange,null
1512512292007,17:18:12,AnimateGradesUserChange,true
1512512292009,17:18:12,AnimationPauseTimeUserChange,2
1512512292012,17:18:12,ProblemUserChange,null
1512512294653,17:18:14,GraderSettingsDisplayed
1512512294655,17:18:14,GraderSettingsStarted,Comp401f17,Assignment8,tstudent2,tstudent2,Automatic and then manual,Grading Status,All
1512512310973,17:18:30,NavigationInitiated
1512512311040,17:18:31,GraderSettingsEnded
1512512314256,17:18:34,ProjectStepperStarted
1512512343239,17:19:03,ModuleUserChange,null
1512512343246,17:19:03,AnimateGradesUserChange,true
1512512343247,17:19:03,AnimationPauseTimeUserChange,2
1512512343249,17:19:03,ProblemUserChange,null
1512512345401,17:19:05,GraderSettingsDisplayed
1512512345403,17:19:05,GraderSettingsStarted,Comp401f17,Assignment8,tstudent2,tstudent2,Automatic and then manual,Grading Status,All
1512512349291,17:19:09,NavigationInitiated
1512512349349,17:19:09,GraderSettingsEnded
1512512353351,17:19:13,ProjectStepperStarted
1512512382659,17:19:42,ModuleUserChange,null
1512512382667,17:19:42,AnimateGradesUserChange,true
1512512382668,17:19:42,AnimationPauseTimeUserChange,2
1512512382670,17:19:42,ProblemUserChange,null
1512512384548,17:19:44,GraderSettingsDisplayed
1512512384549,17:19:44,GraderSettingsStarted,Comp401f17,Assignment8,tstudent2,tstudent2,Automatic and then manual,Grading Status,All
1512512391745,17:19:51,NavigationInitiated
1512512391805,17:19:51,GraderSettingsEnded
1512512395766,17:19:55,ProjectStepperStarted
1516981431754,10:43:51,ModuleUserChange,null
1516981431796,10:43:51,AnimateGradesUserChange,true
1516981431807,10:43:51,AnimationPauseTimeUserChange,2
1516981431829,10:43:51,ProblemUserChange,null
1516981434855,10:43:54,GraderSettingsDisplayed
1516981434867,10:43:54,GraderSettingsStarted,Comp401f17,Assignment8,tstudent2,tstudent2,Automatic and then manual,Grading Status,All
1535935585641,20:46:25,ModuleUserChange,null
1535935585655,20:46:25,AnimateGradesUserChange,true
1535935585659,20:46:25,AnimationPauseTimeUserChange,2
1535935585664,20:46:25,ProblemUserChange,null
1535935589196,20:46:29,GraderSettingsDisplayed
1535935589223,20:46:29,GraderSettingsStarted,Comp401f17,Assignment8,tstudent2,tstudent2,Automatic and then manual,Grading Status,All
1535935610826,20:46:50,ProblemUserChange,Assignment8
1535935623790,20:47:03,NavigationInitiated
1535935623902,20:47:03,GraderSettingsEnded
1535935624859,20:47:04,ProjectStepperStarted
1536173035233,14:43:55,ModuleUserChange,null
1536173035243,14:43:55,AnimateGradesUserChange,true
1536173035246,14:43:55,AnimationPauseTimeUserChange,2
1536173035252,14:43:55,ProblemUserChange,null
1536173037216,14:43:57,GraderSettingsDisplayed
1536173037227,14:43:57,GraderSettingsStarted,Comp401f17,Assignment1,tstudent3,tstudent3,Automatic and then manual,Grading Status,All
1536173065822,14:44:25,NavigationInitiated
1536173065868,14:44:25,GraderSettingsEnded
1536173066440,14:44:26,ProjectStepperStarted
1536173464072,14:51:04,ModuleUserChange,null
1536173464078,14:51:04,AnimateGradesUserChange,true
1536173464079,14:51:04,AnimationPauseTimeUserChange,2
1536173464083,14:51:04,ProblemUserChange,null
1536173465894,14:51:05,GraderSettingsDisplayed
1536173465896,14:51:05,GraderSettingsStarted,Comp401f17,Assignment1,tstudent3,tstudent3,Automatic and then manual,Grading Status,All
1536173476139,14:51:16,NavigationInitiated
1536173476191,14:51:16,GraderSettingsEnded
1536173476471,14:51:16,ProjectStepperStarted
1536173488301,14:51:28,ModuleUserChange,null
1536173488309,14:51:28,AnimateGradesUserChange,true
1536173488311,14:51:28,AnimationPauseTimeUserChange,2
1536173488315,14:51:28,ProblemUserChange,null
1536173490220,14:51:30,GraderSettingsDisplayed
1536173490221,14:51:30,GraderSettingsStarted,Comp401f17,Assignment1,tstudent2,tstudent2,Automatic and then manual,Grading Status,All
1536173494875,14:51:34,NavigationInitiated
1536173494918,14:51:34,GraderSettingsEnded
1536173495200,14:51:35,ProjectStepperStarted
1536266843104,16:47:23,ModuleUserChange,null
1536266843112,16:47:23,AnimateGradesUserChange,true
1536266843114,16:47:23,AnimationPauseTimeUserChange,2
1536266843118,16:47:23,ProblemUserChange,null
1536266846116,16:47:26,GraderSettingsDisplayed
1536266846122,16:47:26,GraderSettingsStarted,Comp401f17,Assignment1,tstudent2,tstudent2,Automatic and then manual,Grading Status,All
1536266851345,16:47:31,NavigationInitiated
1536266851445,16:47:31,GraderSettingsEnded
1536266851839,16:47:31,ProjectStepperStarted
1536266870770,16:47:50,ModuleUserChange,null
1536266870779,16:47:50,AnimateGradesUserChange,true
1536266870781,16:47:50,AnimationPauseTimeUserChange,2
1536266870785,16:47:50,ProblemUserChange,null
1536266873213,16:47:53,GraderSettingsDisplayed
1536266873215,16:47:53,GraderSettingsStarted,Comp401f17,Assignment1,tstudent3,tstudent3,Automatic,Grading Status,All
1536266881819,16:48:01,NavigationKindChange,Automatic and then manual
1536266883513,16:48:03,NavigationInitiated
1536266883563,16:48:03,GraderSettingsEnded
1536266884147,16:48:04,ProjectStepperStarted
1536267591683,16:59:51,ModuleUserChange,null
1536267591689,16:59:51,AnimateGradesUserChange,true
1536267591690,16:59:51,AnimationPauseTimeUserChange,2
1536267591693,16:59:51,ProblemUserChange,null
1536267593792,16:59:53,GraderSettingsDisplayed
1536267593794,16:59:53,GraderSettingsStarted,Comp401f17,Assignment1,tstudent3,tstudent3,Automatic and then manual,Grading Status,All
1536267600685,17:00:00,NavigationInitiated
1536267600741,17:00:00,GraderSettingsEnded
1536267601247,17:00:01,ProjectStepperStarted
1536267703376,17:01:43,ModuleUserChange,null
1536267703388,17:01:43,AnimateGradesUserChange,true
1536267703390,17:01:43,AnimationPauseTimeUserChange,2
1536267703394,17:01:43,ProblemUserChange,null
1536267706388,17:01:46,GraderSettingsDisplayed
1536267706391,17:01:46,GraderSettingsStarted,Comp401f17,Assignment1,tstudent3,tstudent3,Automatic and then manual,Grading Status,All
1536267711280,17:01:51,NavigationInitiated
1536267711363,17:01:51,GraderSettingsEnded
1536267711911,17:01:51,ProjectStepperStarted
1536268287542,17:11:27,ModuleUserChange,null
1536268287553,17:11:27,AnimateGradesUserChange,true
1536268287555,17:11:27,AnimationPauseTimeUserChange,2
1536268287560,17:11:27,ProblemUserChange,null
1536268290157,17:11:30,GraderSettingsDisplayed
1536268290160,17:11:30,GraderSettingsStarted,Comp401f17,Assignment1,tstudent3,tstudent3,Automatic and then manual,Grading Status,All
1536268293254,17:11:33,NavigationInitiated
1536268293329,17:11:33,GraderSettingsEnded
1536268294112,17:11:34,ProjectStepperStarted
1536268730824,17:18:50,ModuleUserChange,null
1536268730835,17:18:50,AnimateGradesUserChange,true
1536268730838,17:18:50,AnimationPauseTimeUserChange,2
1536268730844,17:18:50,ProblemUserChange,null
1536268733406,17:18:53,GraderSettingsDisplayed
1536268733408,17:18:53,GraderSettingsStarted,Comp401f17,Assignment1,tstudent3,tstudent3,Automatic and then manual,Grading Status,All
1536268736372,17:18:56,NavigationInitiated
1536268736436,17:18:56,GraderSettingsEnded
1536268737222,17:18:57,ProjectStepperStarted
1536268882078,17:21:22,ModuleUserChange,null
1536268882092,17:21:22,AnimateGradesUserChange,true
1536268882094,17:21:22,AnimationPauseTimeUserChange,2
1536268882098,17:21:22,ProblemUserChange,null
1536268884597,17:21:24,GraderSettingsDisplayed
1536268884599,17:21:24,GraderSettingsStarted,Comp401f17,Assignment1,tstudent3,tstudent3,Automatic and then manual,Grading Status,All
1536268886922,17:21:26,NavigationInitiated
1536268886977,17:21:26,GraderSettingsEnded
1536268887773,17:21:27,ProjectStepperStarted
1536376236250,23:10:36,ModuleUserChange,null
1536376236288,23:10:36,AnimateGradesUserChange,true
1536376236292,23:10:36,AnimationPauseTimeUserChange,2
1536376236303,23:10:36,ProblemUserChange,null
1536376242037,23:10:42,GraderSettingsDisplayed
1536376242054,23:10:42,GraderSettingsStarted,Comp401f17,Assignment1,tstudent3,tstudent3,Automatic and then manual,Grading Status,All
1536376300767,23:11:40,NavigationInitiated
1536376300840,23:11:40,GraderSettingsEnded
1536376301700,23:11:41,ProjectStepperStarted
1536376311077,23:11:51,ModuleUserChange,null
1536376311085,23:11:51,AnimateGradesUserChange,true
1536376311086,23:11:51,AnimationPauseTimeUserChange,2
1536376311090,23:11:51,ProblemUserChange,null
1536376313141,23:11:53,GraderSettingsDisplayed
1536376313143,23:11:53,GraderSettingsStarted,Comp401f17,Assignment1,tstudent5,tstudent5,Automatic and then manual,Grading Status,All
1536376319339,23:11:59,NavigationInitiated
1536376319358,23:11:59,GraderSettingsEnded
1536376319858,23:11:59,ProjectStepperStarted
1536376386327,23:13:06,ModuleUserChange,null
1536376386333,23:13:06,AnimateGradesUserChange,true
1536376386334,23:13:06,AnimationPauseTimeUserChange,2
1536376386337,23:13:06,ProblemUserChange,null
1536376388347,23:13:08,GraderSettingsDisplayed
1536376388349,23:13:08,GraderSettingsStarted,Comp401f17,Assignment1,tstudent5,tstudent5,Automatic and then manual,Grading Status,All
1536376390597,23:13:10,NavigationInitiated
1536376390657,23:13:10,GraderSettingsEnded
1536376391372,23:13:11,ProjectStepperStarted
1536376398192,23:13:18,ModuleUserChange,null
1536376398199,23:13:18,AnimateGradesUserChange,true
1536376398200,23:13:18,AnimationPauseTimeUserChange,2
1536376398203,23:13:18,ProblemUserChange,null
1536376400160,23:13:20,GraderSettingsDisplayed
1536376400162,23:13:20,GraderSettingsStarted,Comp401f17,Assignment1,tstudent5,tstudent5,Automatic and then manual,Grading Status,All
1536376406105,23:13:26,NavigationInitiated
1536376406129,23:13:26,GraderSettingsEnded
1536376406579,23:13:26,ProjectStepperStarted
1536376453460,23:14:13,ModuleUserChange,null
1536376453467,23:14:13,AnimateGradesUserChange,true
1536376453469,23:14:13,AnimationPauseTimeUserChange,2
1536376453472,23:14:13,ProblemUserChange,null
1536376455546,23:14:15,GraderSettingsDisplayed
1536376455548,23:14:15,GraderSettingsStarted,Comp401f17,Assignment1,tstudent5,tstudent5,Automatic and then manual,Grading Status,All
1536376461682,23:14:21,NavigationInitiated
1536376461742,23:14:21,GraderSettingsEnded
1536376462181,23:14:22,ProjectStepperStarted
1539189280640,12:34:40,ModuleUserChange,null
1539189280648,12:34:40,AnimateGradesUserChange,true
1539189280650,12:34:40,AnimationPauseTimeUserChange,2
1539189280655,12:34:40,ProblemUserChange,null
1539189283245,12:34:43,GraderSettingsDisplayed
1539189283248,12:34:43,GraderSettingsStarted,Comp401f17,Assignment1,tstudent5,tstudent5,Automatic and then manual,Grading Status,All
1539189360667,12:36:00,NavigationInitiated
1539189360762,12:36:00,GraderSettingsEnded
1539189361364,12:36:01,ProjectStepperStarted
1539189392249,12:36:32,ModuleUserChange,null
1539189392256,12:36:32,AnimateGradesUserChange,true
1539189392258,12:36:32,AnimationPauseTimeUserChange,2
1539189392262,12:36:32,ProblemUserChange,null
1539189394746,12:36:34,GraderSettingsDisplayed
1539189394751,12:36:34,GraderSettingsStarted,Comp401f17,Assignment1,tstudent2,tstudent2,Automatic and then manual,Grading Status,All
1539189404784,12:36:44,NavigationInitiated
1539189404938,12:36:44,GraderSettingsEnded
1539189405606,12:36:45,ProjectStepperStarted
1539189458534,12:37:38,ModuleUserChange,null
1539189458541,12:37:38,AnimateGradesUserChange,true
1539189458545,12:37:38,AnimationPauseTimeUserChange,2
1539189458550,12:37:38,ProblemUserChange,null
1539189461111,12:37:41,GraderSettingsDisplayed
1539189461114,12:37:41,GraderSettingsStarted,Comp401f17,Assignment1,tstudent2,tstudent2,Automatic and then manual,Grading Status,All
1539189524104,12:38:44,NavigationInitiated
1539189524183,12:38:44,GraderSettingsEnded
1539189524706,12:38:44,ProjectStepperStarted
1539189572319,12:39:32,ModuleUserChange,null
1539189572327,12:39:32,AnimateGradesUserChange,true
1539189572330,12:39:32,AnimationPauseTimeUserChange,2
1539189572335,12:39:32,ProblemUserChange,null
1539189574729,12:39:34,GraderSettingsDisplayed
1539189574732,12:39:34,GraderSettingsStarted,Comp401f17,Assignment1,tstudent3,tstudent3,Automatic,Grading Status,All
1539189584148,12:39:44,NavigationInitiated
1539189584230,12:39:44,GraderSettingsEnded
1539189585060,12:39:45,ProjectStepperStarted
1539189629749,12:40:29,ModuleUserChange,null
1539189629756,12:40:29,AnimateGradesUserChange,true
1539189629758,12:40:29,AnimationPauseTimeUserChange,2
1539189629761,12:40:29,ProblemUserChange,null
1539189632098,12:40:32,GraderSettingsDisplayed
1539189632101,12:40:32,GraderSettingsStarted,Comp401f17,Assignment1,tstudent3,tstudent3,Automatic,Grading Status,All
1539189641032,12:40:41,NavigationKindChange,Automatic and then manual
1539189642525,12:40:42,NavigationInitiated
1539189642652,12:40:42,GraderSettingsEnded
1539189643434,12:40:43,ProjectStepperStarted
1539190137522,12:48:57,ModuleUserChange,null
1539190137527,12:48:57,AnimateGradesUserChange,true
1539190137528,12:48:57,AnimationPauseTimeUserChange,2
1539190137530,12:48:57,ProblemUserChange,null
1539190139472,12:48:59,GraderSettingsDisplayed
1539190139473,12:48:59,GraderSettingsStarted,Comp401f17,Assignment1,tstudent3,tstudent3,Automatic and then manual,Grading Status,All
1539190149266,12:49:09,NavigationInitiated
1539190149412,12:49:09,GraderSettingsEnded
1539190150169,12:49:10,ProjectStepperStarted
1539190237289,12:50:37,ModuleUserChange,null
1539190237294,12:50:37,AnimateGradesUserChange,true
1539190237296,12:50:37,AnimationPauseTimeUserChange,2
1539190237299,12:50:37,ProblemUserChange,null
1539190239512,12:50:39,GraderSettingsDisplayed
1539190239513,12:50:39,GraderSettingsStarted,Comp401f17,Assignment1,tstudent3,tstudent3,Automatic and then manual,Grading Status,All
1539190245835,12:50:45,NavigationKindChange,Automatic
1539190247536,12:50:47,NavigationInitiated
1539190247698,12:50:47,GraderSettingsEnded
1539190248751,12:50:48,ProjectStepperStarted
1539190348243,12:52:28,ModuleUserChange,null
1539190348249,12:52:28,AnimateGradesUserChange,true
1539190348251,12:52:28,AnimationPauseTimeUserChange,2
1539190348254,12:52:28,ProblemUserChange,null
1539190350301,12:52:30,GraderSettingsDisplayed
1539190350303,12:52:30,GraderSettingsStarted,Comp401f17,Assignment1,tstudent3,tstudent3,Automatic,Grading Status,All
1539190362091,12:52:42,NavigationKindChange,Automatic and then manual
1539190364623,12:52:44,AnimateGradesUserChange,false
1539190365742,12:52:45,NavigationKindChange,Automatic
1539190367695,12:52:47,NavigationInitiated
1539190367788,12:52:47,GraderSettingsEnded
1539190368552,12:52:48,ProjectStepperStarted
1539191710869,13:15:10,ModuleUserChange,null
1539191710875,13:15:10,AnimationPauseTimeUserChange,2
1539191710879,13:15:10,ProblemUserChange,null
1539191713475,13:15:13,GraderSettingsDisplayed
1539191713480,13:15:13,GraderSettingsStarted,Comp401f17,Assignment1,tstudent3,tstudent3,Automatic,Grading Status,All
1539191718809,13:15:18,NavigationInitiated
1539191718855,13:15:18,GraderSettingsEnded
1539191719980,13:15:19,ProjectStepperStarted
1539191786911,13:16:26,ModuleUserChange,null
1539191786916,13:16:26,AnimationPauseTimeUserChange,2
1539191786919,13:16:26,ProblemUserChange,null
1539191789438,13:16:29,GraderSettingsDisplayed
1539191789440,13:16:29,GraderSettingsStarted,Comp401f17,Assignment1,tstudent3,tstudent3,Automatic,Grading Status,All
1539191795758,13:16:35,NavigationInitiated
1539191795902,13:16:35,GraderSettingsEnded
1539191796683,13:16:36,ProjectStepperStarted
1539194818652,14:06:58,ModuleUserChange,null
1539194818665,14:06:58,AnimationPauseTimeUserChange,2
1539194818674,14:06:58,ProblemUserChange,null
1539194821406,14:07:01,GraderSettingsDisplayed
1539194821410,14:07:01,GraderSettingsStarted,Comp401f17,Assignment1,tstudent3,tstudent3,Automatic,Grading Status,All
1539797539975,13:32:19,ModuleUserChange,null
1539797539981,13:32:19,AnimationPauseTimeUserChange,2
1539797539985,13:32:19,ProblemUserChange,null
1539797542034,13:32:22,GraderSettingsDisplayed
1539797542035,13:32:22,GraderSettingsStarted,Comp401f17,Assignment1,tstudent3,tstudent3,Automatic,Grading Status,All
1539797783548,13:36:23,ModuleUserChange,null
1539797783551,13:36:23,AnimationPauseTimeUserChange,2
1539797789763,13:36:29,GraderSettingsDisplayed
1539797789765,13:36:29,GraderSettingsStarted,Comp401f17,null,tstudent3,tstudent3,Automatic,Grading Status,All
1539801053390,14:30:53,ModuleUserChange,null
1539801053395,14:30:53,AnimationPauseTimeUserChange,2
1539801057478,14:30:57,GraderSettingsDisplayed
1539801057483,14:30:57,GraderSettingsStarted,Comp401f17,null,tstudent3,tstudent3,Automatic,Grading Status,All
1539801778130,14:42:58,ModuleUserChange,null
1539801778138,14:42:58,AnimationPauseTimeUserChange,2
1539801785852,14:43:05,GraderSettingsDisplayed
1539801785854,14:43:05,GraderSettingsStarted,Comp401f17,null,tstudent3,tstudent3,Automatic,Grading Status,All
1539811706176,17:28:26,ModuleUserChange,null
1539811706183,17:28:26,AnimationPauseTimeUserChange,2
1539812967635,17:49:27,ModuleUserChange,null
1539812967643,17:49:27,AnimationPauseTimeUserChange,2
1539812971603,17:49:31,GraderSettingsDisplayed
1539812971604,17:49:31,GraderSettingsStarted,Comp401f17,null,tstudent3,tstudent3,Automatic,Grading Status,All
1540843249494,16:00:49,ModuleUserChange,null
1540843249514,16:00:49,AnimationPauseTimeUserChange,2
1540843342962,16:02:22,ModuleUserChange,null
1540843342981,16:02:22,AnimationPauseTimeUserChange,2
1540948477371,21:14:37,ModuleUserChange,null
1540948477381,21:14:37,AnimationPauseTimeUserChange,2
1540948482829,21:14:42,GraderSettingsDisplayed
1540948482833,21:14:42,GraderSettingsStarted,Comp401f17,null,tstudent3,tstudent3,Automatic,Grading Status,All
1541184946002,14:55:46,ModuleUserChange,null
1541184946020,14:55:46,AnimationPauseTimeUserChange,2
1541184951498,14:55:51,GraderSettingsDisplayed
1541184951506,14:55:51,GraderSettingsStarted,Comp401f17,null,tstudent3,tstudent3,Automatic,Grading Status,All
1541184956281,14:55:56,ModuleUserChange,Comp401f17
1541184956296,14:55:56,NavigationParameterChange,All
1541184956302,14:55:56,GradingStatusUserChange,All
1541184972212,14:56:12,NavigationParameterChange,All
1541184972213,14:56:12,GradingStatusUserChange,All
1541184972220,14:56:12,ProblemUserChange,null
1541184972231,14:56:12,DownloadPathUserChange,C:\Users\Andrew\Documents\GitHub\Comp401AllChecks\Test Data\Comp401F18\Assignment9
1541184978103,14:56:18,NavigationKindChange,Automatic and then manual
1541184979865,14:56:19,NavigationInitiated
1541184979924,14:56:19,GraderSettingsEnded
1541184980892,14:56:20,ProjectStepperStarted
1541185035050,14:57:15,ModuleUserChange,null
1541185035056,14:57:15,AnimationPauseTimeUserChange,2
1541185035060,14:57:15,ProblemUserChange,null
1541185037302,14:57:17,GraderSettingsDisplayed
1541185037304,14:57:17,GraderSettingsStarted,Comp401f18,Assignment9,tstudent1,tstudent1,Automatic and then manual,Grading Status,All
1541185040796,14:57:20,NavigationInitiated
1541185040877,14:57:20,GraderSettingsEnded
1541185043588,14:57:23,ProjectStepperStarted
1541185107913,14:58:27,ModuleUserChange,null
1541185107920,14:58:27,AnimationPauseTimeUserChange,2
1541185107924,14:58:27,ProblemUserChange,null
1541185110221,14:58:30,GraderSettingsDisplayed
1541185110222,14:58:30,GraderSettingsStarted,Comp401f18,Assignment9,tstudent1,tstudent1,Automatic and then manual,Grading Status,All
1541185112043,14:58:32,NavigationInitiated
1541185112100,14:58:32,GraderSettingsEnded
1541185113126,14:58:33,ProjectStepperStarted
1541185216748,15:00:16,ModuleUserChange,null
1541185216756,15:00:16,AnimationPauseTimeUserChange,2
1541185216760,15:00:16,ProblemUserChange,null
1541185219472,15:00:19,GraderSettingsDisplayed
1541185219490,15:00:19,GraderSettingsStarted,Comp401f18,Assignment9,tstudent1,tstudent1,Automatic and then manual,Grading Status,All
1541185225817,15:00:25,NavigationInitiated
1541185225948,15:00:25,GraderSettingsEnded
1541185227847,15:00:27,ProjectStepperStarted
1541185371655,15:02:51,ModuleUserChange,null
1541185371666,15:02:51,AnimationPauseTimeUserChange,2
1541185371672,15:02:51,ProblemUserChange,null
1541185374339,15:02:54,GraderSettingsDisplayed
1541185374341,15:02:54,GraderSettingsStarted,Comp401f18,Assignment9,tstudent1,tstudent1,Automatic and then manual,Grading Status,All
1541185380698,15:03:00,NavigationInitiated
1541185380788,15:03:00,GraderSettingsEnded
1541185382776,15:03:02,ProjectStepperStarted
1541185652621,15:07:32,ModuleUserChange,null
1541185652629,15:07:32,AnimationPauseTimeUserChange,2
1541185652633,15:07:32,ProblemUserChange,null
1541185655126,15:07:35,GraderSettingsDisplayed
1541185655130,15:07:35,GraderSettingsStarted,Comp401f18,Assignment9,tstudent1,tstudent1,Automatic and then manual,Grading Status,All
1541185661160,15:07:41,NavigationInitiated
1541185661308,15:07:41,GraderSettingsEnded
1541185662445,15:07:42,ProjectStepperStarted
1541186170549,15:16:10,ModuleUserChange,null
1541186170559,15:16:10,AnimationPauseTimeUserChange,2
1541186170563,15:16:10,ProblemUserChange,null
1541186173723,15:16:13,GraderSettingsDisplayed
1541186173726,15:16:13,GraderSettingsStarted,Comp401f18,Assignment9,tstudent1,tstudent1,Automatic and then manual,Grading Status,All
1541186178470,15:16:18,NavigationInitiated
1541186178573,15:16:18,GraderSettingsEnded
1541186180441,15:16:20,ProjectStepperStarted
1541192942499,17:09:02,ModuleUserChange,null
1541192942511,17:09:02,AnimationPauseTimeUserChange,2
1541192942515,17:09:02,ProblemUserChange,null
1541192945241,17:09:05,GraderSettingsDisplayed
1541192945244,17:09:05,GraderSettingsStarted,Comp401f18,Assignment9,tstudent1,tstudent1,Automatic and then manual,Grading Status,All
1541192975377,17:09:35,ModuleUserChange,null
1541192975384,17:09:35,AnimationPauseTimeUserChange,2
1541192975388,17:09:35,ProblemUserChange,null
1541192977737,17:09:37,GraderSettingsDisplayed
1541192977740,17:09:37,GraderSettingsStarted,Comp401f18,Assignment9,tstudent1,tstudent1,Automatic and then manual,Grading Status,All
1541192982275,17:09:42,NavigationInitiated
1541192982403,17:09:42,GraderSettingsEnded
1541192989836,17:09:49,ProjectStepperStarted
1541193130156,17:12:10,ModuleUserChange,null
1541193130163,17:12:10,AnimationPauseTimeUserChange,2
1541193130166,17:12:10,ProblemUserChange,null
1541193132455,17:12:12,GraderSettingsDisplayed
1541193132457,17:12:12,GraderSettingsStarted,Comp401f18,Assignment9,tstudent1,tstudent1,Automatic and then manual,Grading Status,All
1541193137505,17:12:17,NavigationInitiated
1541193137658,17:12:17,GraderSettingsEnded
1541193141311,17:12:21,ProjectStepperStarted
1541193193243,17:13:13,ModuleUserChange,null
1541193193250,17:13:13,AnimationPauseTimeUserChange,2
1541193193253,17:13:13,ProblemUserChange,null
1541193195608,17:13:15,GraderSettingsDisplayed
1541193195611,17:13:15,GraderSettingsStarted,Comp401f18,Assignment9,tstudent1,tstudent1,Automatic and then manual,Grading Status,All
1541193200367,17:13:20,NavigationInitiated
1541193200466,17:13:20,GraderSettingsEnded
1541193203614,17:13:23,ProjectStepperStarted
1541193665539,17:21:05,ModuleUserChange,null
1541193665549,17:21:05,AnimationPauseTimeUserChange,2
1541193665553,17:21:05,ProblemUserChange,null
1541193668377,17:21:08,GraderSettingsDisplayed
1541193668412,17:21:08,GraderSettingsStarted,Comp401f18,Assignment9,tstudent1,tstudent1,Automatic and then manual,Grading Status,All
1541193673585,17:21:13,NavigationInitiated
1541193673712,17:21:13,GraderSettingsEnded
1541193676478,17:21:16,ProjectStepperStarted
1541194003808,17:26:43,ModuleUserChange,null
1541194003827,17:26:43,AnimationPauseTimeUserChange,2
1541194003834,17:26:43,ProblemUserChange,null
1541194007814,17:26:47,GraderSettingsDisplayed
1541194007817,17:26:47,GraderSettingsStarted,Comp401f18,Assignment9,tstudent1,tstudent1,Automatic and then manual,Grading Status,All
1541194013059,17:26:53,NavigationInitiated
1541194013269,17:26:53,GraderSettingsEnded
1541194016242,17:26:56,ProjectStepperStarted
1541194279771,17:31:19,ModuleUserChange,null
1541194279786,17:31:19,AnimationPauseTimeUserChange,2
1541194279793,17:31:19,ProblemUserChange,null
1541194283362,17:31:23,GraderSettingsDisplayed
1541194283366,17:31:23,GraderSettingsStarted,Comp401f18,Assignment9,tstudent1,tstudent1,Automatic and then manual,Grading Status,All
1541194288289,17:31:28,NavigationInitiated
1541194288487,17:31:28,GraderSettingsEnded
1541194292526,17:31:32,ProjectStepperStarted
1541194751723,17:39:11,ModuleUserChange,null
1541194751739,17:39:11,AnimationPauseTimeUserChange,2
1541194751752,17:39:11,ProblemUserChange,null
1541194817839,17:40:17,GraderSettingsDisplayed
1541194817842,17:40:17,GraderSettingsStarted,Comp401f18,Assignment9,tstudent1,tstudent1,Automatic and then manual,Grading Status,All
1541194822929,17:40:22,NavigationInitiated
1541194823131,17:40:23,GraderSettingsEnded
1541194825998,17:40:25,ProjectStepperStarted
1541195879169,17:57:59,ModuleUserChange,null
1541195879178,17:57:59,AnimationPauseTimeUserChange,2
1541195879182,17:57:59,ProblemUserChange,null
1541195881788,17:58:01,GraderSettingsDisplayed
1541195881818,17:58:01,GraderSettingsStarted,Comp401f18,Assignment9,tstudent1,tstudent1,Automatic and then manual,Grading Status,All
1541195886032,17:58:06,NavigationInitiated
1541195886152,17:58:06,GraderSettingsEnded
1541195890155,17:58:10,ProjectStepperStarted
1541197269683,18:21:09,ModuleUserChange,null
1541197269695,18:21:09,AnimationPauseTimeUserChange,2
1541197269700,18:21:09,ProblemUserChange,null
1541197275424,18:21:15,GraderSettingsDisplayed
1541197275426,18:21:15,GraderSettingsStarted,Comp401f18,Assignment9,tstudent1,tstudent1,Automatic and then manual,Grading Status,All
1541197279168,18:21:19,NavigationInitiated
1541197279235,18:21:19,GraderSettingsEnded
1541197281999,18:21:21,ProjectStepperStarted
1541434875013,11:21:15,ModuleUserChange,null
1541434875026,11:21:15,AnimationPauseTimeUserChange,2
1541434875032,11:21:15,ProblemUserChange,null
1541434878141,11:21:18,GraderSettingsDisplayed
1541434878153,11:21:18,GraderSettingsStarted,Comp401f18,Assignment9,tstudent1,tstudent1,Automatic and then manual,Grading Status,All
1541434882064,11:21:22,NavigationInitiated
1541434882137,11:21:22,GraderSettingsEnded
1541434885410,11:21:25,ProjectStepperStarted
